HED2,123123123,SoftwarePlatform,11
DED,111111111,Smith Mary,Mrs,Mary,,Smith,19850614,20191015,,NE,AK,,mary.smith@company.co.nz,NZL,021123456,,,,,NZL,,,,,,12 Small Street,,Springfield,6881,,N,,,,,,,,,
TED,M
DED,000000000,Hall Brian,Mr,Brian,Jack,Hall,19550308,20191015,,NE,CT,,,,,,NZL,041234567,,NZL,,,,,,23 Tall Road,,Huttville,6547,,Y,08,0456,0123456,0025,,Brian J Hall,20191031,,
TED,M SL
DED,123123123,Donny O'Donald,Mr,Donny,Duck,O'Donald,19820102,20200729,,NE,OK,TAO,Donny@test.co.nz,NZL,0272020201,,NZL,048907781,,NZL,,,,,,55 FEATHERSTON STREET,PIPITEA,WELLINGTON,6011,,,,,,,,,,,   
TED,S SL
DED,000000000,Mini Mouse,Miss,Mini,,Mouse,20000701,20200531,,NE,AE,BLH,minimouse@test.co.nz,,0272020202,,NZL,048907782,61783,NZL,,,,,,55 FEATHERSTON STREET,PIPITEA,WELLINGTON,6011,,Y,01,0001,1000000,025,,Testbankaccount,20200730,OTHR,forgot to file this
TED,M
DED,111111111,Three Man,Mr,Three,Middle,Man,19830103,20200725,,NE,AK,HPT,threetest@gmail.com,NZL,0272020203,,,,,NZL,,,,,,55 FEATHERSTON STREET,PIPITEA,WELLINGTON,6011,,,,,,,,,,,  
TED,WT
DED,123123123,Marty Fly,,Marty,Mac,Fly,19900501,20190712,,EE,,,martytest@gmail.com,NZL,,,NZL,048907784,61784,NZL,,,,,,55 FEATHERSTON STREET,PIPITEA,WELLINGTON,6011,,,,,,,,,,, 
DED,111111111,Jackknife,Mr,Jack,The,Knife,20000228,20200701,20200731,,,,martytest@gmail.com,NZL,0272020205,,,,,,,,,,,,,,,,,,,,,,,,,
TED,M
TED,ND
DED,111111111,Green Adult,Mr,Green, Man, Adult,,20200721,,NE,AE,,goodie2shoes@gmail.com,NZL,0272020207,,NZL,048900787,61787,NZL,,,,,,,,,,,Y,09,0111,0111111,000,,Green Man,20200729,,
TED,M SL
DED,123123123,Paulie Shore,Ms,Paulie, ,Shore,20000101,20200515,,EA,,,,NZL,0272020208,,NZL,048907788,61788,NZL,,,,,,55 FEATHERSTON STREET,PIPITEA,WELLINGTON,6011,,,,,,,,,,,
DED,111111111,EIGHT EIGHT,,EIGHT, , EIGHT,19840320,20200731,,NE,NK,,EightE@gmail.com,,,,,,,,,,,,,,,,,,,,,,,,,,,
TED,ME
DED,111111111,Seven S,Mr,Seven, , Seven,19880320,20200801,,NE,CT,,sseven.ss@gmail.com,NZL,0272020209,,NZL,048907789,61789,NZL,,,,,,55 FEATHERSTON STREET,PIPITEA,WELLINGTON,6011,,,,,,,,,,,
TED,M